{"cameraMode":{"drawMode":0,"name":"Shaded","section":"Shading Mode"},"sceneLighting":true,"audioPlay":false,"sceneViewState":{"m_AlwaysRefresh":false,"showFog":true,"showSkybox":true,"showFlares":true,"showImageEffects":true,"showParticleSystems":true,"showVisualEffectGraphs":true,"m_FxEnabled":true},"in2DMode":false,"pivot":{"x":-1.3013486862182618,"y":0.8241298794746399,"z":-7.104406833648682},"rotation":{"x":-0.058099519461393359,"y":0.0427740104496479,"z":0.002588763367384672,"w":0.9973927140235901},"size":1.048590898513794,"orthographic":false}